{
  "urls": [
    "sounds.mp3",
    "sounds.wav"
  ],
  "sprite": {
    "_mac_fix": [
      0,
      2992.0861678004535
    ],
    "ambienceGeneral": [
      3100,
      120000
    ],
    "bid": [
      123199.99999999999,
      343.4013605442203
    ],
    "btn_any": [
      124300,
      175.03401360544046
    ],
    "btn_over": [
      125399.99999999999,
      156.8934240362836
    ],
    "cash": [
      126500,
      700.0000000000028
    ],
    "cashout": [
      127600.00000000001,
      732.2675736961486
    ],
    "cashout_big": [
      128700.00000000001,
      1677.7324263038622
    ],
    "finish": [
      130800.00000000001,
      1843.1065759637306
    ],
    "flight": [
      132900.00000000003,
      14000
    ],
    "jump": [
      147000.00000000003,
      975.351473922899
    ],
    "pointing_button": [
      148100.00000000003,
      156.89342403626938
    ],
    "run": [
      149200.00000000003,
      2498.321995464863
    ],
    "start": [
      152300.00000000003,
      1366.4399092970427
    ],
    "t_btn_any": [
      154400.00000000003,
      889.4784580498936
    ],
    "t_win": [
      155500.00000000003,
      12777.346938775509
    ],
    "t_win_END": [
      168600.00000000003,
      4932.426303854868
    ],
    "take-take": [
      173700.00000000003,
      8000
    ],
    "win2balance": [
      181800,
      2125.011337868472
    ]
  }
}